ticker,sector,market_cap
NVDA,Technology,4.96T
AAPL,Technology,4.51T
GOOGL,Technology,4.47T
GOOG,Technology,4.43T
MSFT,Technology,3.10T
AMZN,Consumer Discretionary,2.65T
AVGO,Technology,1.83T
META,Technology,1.51T
TSLA,Consumer Discretionary,1.47T
LLY,Healthcare,1.07T
BRK.B,Financials,1.05T
MU,Technology,974.37B
WMT,Consumer Staples,946.06B
JPM,Financials,837.00B
AMD,Technology,760.48B
XOM,Energy,621.41B
ORCL,Technology,614.55B
V,Financials,609.64B
JNJ,Healthcare,560.33B
INTC,Technology,498.43B
CSCO,COMPUTER COMMUNICATIONS EQUIPMENT,479.44B
MA,Financials,433.91B
COST,RETAIL-VARIETY STORES,431.03B
CAT,Industrials,416.50B
ABBV,Healthcare,401.47B
BAC,Financials,382.01B
LRCX,Technology,379.27B
CVX,Energy,373.05B
UNH,HOSPITAL & MEDICAL SERVICE PLANS,362.77B
AMAT,SEMICONDUCTORS & RELATED DEVICES,359.67B
NFLX,Consumer Discretionary,346.04B
GE,Industrials,342.22B
KO,Consumer Staples,341.96B
PG,Consumer Staples,341.23B
MS,Financials,334.27B
PLTR,SERVICES-PREPACKAGED SOFTWARE,324.91B
HD,RETAIL-LUMBER & OTHER BUILDING MATERIALS DEALERS,309.55B
GS,Financials,306.42B
MRK,Healthcare,298.33B
PM,CIGARETTES,277.88B
IBM,COMPUTER & OFFICE EQUIPMENT,267.72B
TXN,SEMICONDUCTORS & RELATED DEVICES,259.43B
DELL,ELECTRONIC COMPUTERS,256.18B
KLAC,Technology,252.01B
GEV,ELECTRONIC & OTHER ELECTRICAL EQUIPMENT (NO COMPUTER EQUIP),250.88B
WFC,Financials,250.75B
RTX,Industrials,243.74B
LIN,INDUSTRIAL INORGANIC CHEMICALS,234.83B
SNDK,COMPUTER STORAGE DEVICES,230.92B
MRVL,SEMICONDUCTORS & RELATED DEVICES,230.48B
QCOM,Technology,227.60B
C,Financials,225.94B
PANW,"COMPUTER PERIPHERAL EQUIPMENT, NEC",220.63B
AXP,Financials,211.97B
MCD,Consumer Discretionary,198.83B
ADI,SEMICONDUCTORS & RELATED DEVICES,195.51B
ANET,COMPUTER COMMUNICATIONS EQUIPMENT,194.26B
PEP,Consumer Staples,193.97B
TMUS,RADIOTELEPHONE COMMUNICATIONS,192.74B
VZ,TELEPHONE COMMUNICATIONS (NO RADIOTELEPHONE),189.44B
AMGN,Healthcare,188.67B
APP,"SERVICES-COMPUTER PROGRAMMING, DATA PROCESSING, ETC.",187.19B
NEE,ELECTRIC SERVICES,179.03B
TJX,RETAIL-FAMILY CLOTHING STORES,177.54B
WDC,Technology,176.38B
TMO,Healthcare,175.70B
DIS,Media & Entertainment,173.15B
CRWD,Technology,170.80B
APH,ELECTRONIC CONNECTORS,170.77B
BA,Industrials,169.84B
BLK,Financials,162.12B
UNP,"RAILROADS, LINE-HAUL OPERATING",161.68B
GILD,Healthcare,160.36B
ABT,Healthcare,158.63B
T,TELEPHONE COMMUNICATIONS (NO RADIOTELEPHONE),158.07B
DE,Industrials,157.59B
SCHW,Financials,154.50B
ETN,Industrials,153.74B
GLW,DRAWING & INSULATING OF NONFERROUS WIRE,152.83B
CRM,Technology,152.06B
ISRG,Healthcare,149.48B
PFE,Healthcare,148.41B
WELL,Real Estate,146.07B
SCCO,Materials,144.31B
UBER,Consumer Discretionary,143.94B
IBKR,"SECURITY BROKERS, DEALERS & FLOTATION COMPANIES",143.16B
COP,Energy,142.71B
BX,INVESTMENT ADVICE,136.98B
HON,Industrials,135.58B
PLD,Real Estate,134.76B
DHR,"INDUSTRIAL INSTRUMENTS FOR MEASUREMENT, DISPLAY, AND CONTROL",130.44B
BKNG,Consumer Discretionary,128.51B
CB,"FIRE, MARINE & CASUALTY INSURANCE",126.55B
SPGI,"SERVICES-CONSUMER CREDIT REPORTING, COLLECTION AGENCIES",125.63B
CVS,RETAIL-DRUG STORES AND PROPRIETARY STORES,122.40B
LMT,Industrials,120.76B
MO,CIGARETTES,120.55B
PGR,"FIRE, MARINE & CASUALTY INSURANCE",119.05B
LOW,RETAIL-LUMBER & OTHER BUILDING MATERIALS DEALERS,118.16B
SYK,Healthcare,117.18B
BMY,PHARMACEUTICAL PREPARATIONS,116.95B
NOW,Technology,115.97B
VRT,"ELECTRONIC COMPONENTS, NEC",115.43B
VRTX,Healthcare,113.41B
COF,Financials,112.43B
PH,Consumer Discretionary,111.25B
ACN,"SERVICES-BUSINESS SERVICES, NEC",109.44B
SBUX,Consumer Discretionary,108.60B
EQIX,Real Estate,106.60B
NEM,Materials,106.44B
FTNT,Technology,106.00B
MDT,ELECTROMEDICAL & ELECTROTHERAPEUTIC APPARATUS,104.85B
SO,ELECTRIC SERVICES,104.39B
PWR,ELECTRICAL WORK,104.31B
SPOT,Consumer Discretionary,104.23B
CDNS,Technology,103.76B
MAR,HOTELS & MOTELS,103.50B
ADBE,Technology,101.63B
TT,Industrials,100.99B
HWM,ROLLING DRAWING & EXTRUDING OF NONFERROUS METALS,100.79B
DUK,ELECTRIC & OTHER SERVICES COMBINED,96.84B
GD,SHIP & BOAT BUILDING & REPAIRING,93.69B
CME,"SECURITY & COMMODITY BROKERS, DEALERS, EXCHANGES & SERVICES",93.27B
MCK,"WHOLESALE-DRUGS, PROPRIETARIES & DRUGGISTS' SUNDRIES",93.23B
ADP,Software & Services,92.72B
UPS,Industrials,92.26B
CEG,Energy,92.04B
PNC,NATIONAL COMMERCIAL BANKS,91.70B
FCX,Materials,91.10B
AMT,Real Estate,90.44B
ELV,HOSPITAL & MEDICAL SERVICE PLANS,90.24B
CMI,ENGINES & TURBINES,89.86B
SNPS,Technology,89.01B
WM,REFUSE SYSTEMS,88.51B
NET,Technology,88.41B
WMB,NATURAL GAS TRANSMISSION,88.01B
JCI,AIR-COND & WARM AIR HEATG EQUIP & COMM & INDL REFRIG EQUIP,87.64B
MNST,Consumer Staples,87.58B
CSX,"RAILROADS, LINE-HAUL OPERATING",87.31B
USB,Financials,86.45B
CMCSA,CABLE & OTHER PAY TELEVISION SERVICES,85.09B
KKR,INVESTMENT ADVICE,83.86B
DDOG,Technology,83.33B
SNOW,Technology,82.58B
HCA,"SERVICES-GENERAL MEDICAL & SURGICAL HOSPITALS, NEC",82.55B
SLB,Energy,82.03B
INTU,Software & Services,81.18B
MMM,Industrials,80.20B
ICE,"SECURITY & COMMODITY BROKERS, DEALERS, EXCHANGES & SERVICES",80.02B
MRSH,"INSURANCE AGENTS, BROKERS & SERVICE",79.71B
MDLZ,FOOD AND KINDRED PRODUCTS,79.64B
ABNB,Consumer Discretionary,79.26B
FDX,Industrials,78.98B
MCO,"SERVICES-CONSUMER CREDIT REPORTING, COLLECTION AGENCIES",78.85B
HLT,HOTELS & MOTELS,78.11B
EMR,ELECTRONIC & OTHER ELECTRICAL EQUIPMENT (NO COMPUTER EQUIP),77.36B
NOC,"SEARCH, DETECTION, NAVIGATION, GUIDANCE, AERONAUTICAL SYS",77.32B
CI,Healthcare,76.58B
MPC,Energy,76.49B
VLO,Energy,75.96B
BAM,INVESTMENT ADVICE,75.65B
SHW,Materials,75.30B
RCL,WATER TRANSPORTATION,75.09B
ORLY,RETAIL-AUTO & HOME SUPPLY STORES,74.86B
CRH,"CEMENT, HYDRAULIC",74.77B
HOOD,Technology,74.27B
ROST,RETAIL-FAMILY CLOTHING STORES,74.21B
GM,MOTOR VEHICLES & PASSENGER CAR BODIES,74.04B
APO,INVESTMENT ADVICE,73.81B
COHR,OPTICAL INSTRUMENTS & LENSES,73.75B
PSX,Energy,73.40B
EOG,Energy,73.39B
AEP,ELECTRIC SERVICES,73.31B
CVNA,RETAIL-AUTO DEALERS & GASOLINE STATIONS,72.95B
MPWR,Technology,72.76B
ITW,GENERAL INDUSTRIAL MACHINERY & EQUIPMENT,72.71B
ECL,"SOAP, DETERGENTS, CLEANG PREPARATIONS, PERFUMES, COSMETICS",72.60B
BSX,SURGICAL & MEDICAL INSTRUMENTS & APPARATUS,72.16B
CTAS,"MEN'S & BOYS' FURNISHGS, WORK CLOTHG, & ALLIED GARMENTS",71.97B
CL,Consumer Staples,70.88B
KMI,Energy,70.48B
NSC,"RAILROADS, LINE-HAUL OPERATING",70.40B
AON,"INSURANCE AGENTS, BROKERS & SERVICE",70.17B
TDG,"AIRCRAFT PARTS & AUXILIARY EQUIPMENT, NEC",69.28B
CIEN,TELEPHONE & TELEGRAPH APPARATUS,69.03B
DASH,Consumer Discretionary,68.32B
SPG,Real Estate,68.20B
MSI,RADIO & TV BROADCASTING & COMMUNICATIONS EQUIPMENT,68.12B
LITE,"COMMUNICATIONS EQUIPMENT, NEC",67.19B
URI,"SERVICES-EQUIPMENT RENTAL & LEASING, NEC",66.90B
REGN,Healthcare,66.62B
WBD,CABLE & OTHER PAY TELEVISION SERVICES,65.79B
DLR,Real Estate,65.64B
HPE,COMPUTER & OFFICE EQUIPMENT,65.28B
FIX,ELECTRICAL WORK,64.91B
RSG,REFUSE SYSTEMS,64.62B
TRV,"FIRE, MARINE & CASUALTY INSURANCE",64.48B
RKLB,GUIDED MISSILES & SPACE VEHICLES & PARTS,63.72B
NKE,Consumer Discretionary,63.65B
APD,Materials,62.87B
BKR,OIL & GAS FIELD MACHINERY & EQUIPMENT,62.09B
PCAR,MOTOR VEHICLES & PASSENGER CAR BODIES,61.41B
GWW,WHOLESALE-DURABLE GOODS,61.37B
TFC,NATIONAL COMMERCIAL BANKS,61.30B
AFL,ACCIDENT & HEALTH INSURANCE,60.18B
SRE,GAS & OTHER SERVICES COMBINED,59.76B
F,MOTOR VEHICLES & PASSENGER CAR BODIES,59.37B
D,ELECTRIC SERVICES,58.84B
NU,Unknown,58.20B
NUE,Materials,57.93B
LHX,"SEARCH, DETECTION, NAVIGATION, GUIDANCE, AERONAUTICAL SYS",57.35B
ALL,"FIRE, MARINE & CASUALTY INSURANCE",56.89B
O,REAL ESTATE INVESTMENT TRUSTS,56.73B
TRGP,NATURAL GAS TRANSMISSION,56.68B
OXY,CRUDE PETROLEUM & NATURAL GAS,56.62B
KEYS,"INDUSTRIAL INSTRUMENTS FOR MEASUREMENT, DISPLAY, AND CONTROL",56.40B
AJG,"INSURANCE AGENTS, BROKERS & SERVICE",56.11B
TER,INSTRUMENTS FOR MEAS & TESTING OF ELECTRICITY & ELEC SIGNALS,56.03B
CARR,Industrials,55.78B
TGT,RETAIL-VARIETY STORES,55.67B
FLEX,PRINTED CIRCUIT BOARDS,55.66B
OKE,Energy,55.60B
PSA,Real Estate,54.36B
MET,LIFE INSURANCE,54.36B
ALAB,SEMICONDUCTORS & RELATED DEVICES,54.35B
FANG,Energy,54.19B
FAST,"RETAIL-BUILDING MATERIALS, HARDWARE, GARDEN SUPPLY",53.72B
COR,"WHOLESALE-DRUGS, PROPRIETARIES & DRUGGISTS' SUNDRIES",53.51B
DAL,Industrials,52.18B
AZO,RETAIL-AUTO & HOME SUPPLY STORES,52.11B
AME,"INDUSTRIAL INSTRUMENTS FOR MEASUREMENT, DISPLAY, AND CONTROL",51.93B
CTVA,Unknown,51.52B
DVN,Energy,51.07B
EA,SERVICES-PREPACKAGED SOFTWARE,50.90B
ETR,ELECTRIC SERVICES,50.71B
ODFL,Industrials,50.45B
VST,ELECTRIC SERVICES,50.16B
LNG,Energy,50.04B
ROK,"MEASURING & CONTROLLING DEVICES, NEC",49.71B
EW,"ORTHOPEDIC, PROSTHETIC & SURGICAL APPLIANCES & SUPPLIES",49.50B
NDAQ,"SECURITY & COMMODITY BROKERS, DEALERS, EXCHANGES & SERVICES",49.36B
XEL,ELECTRIC & OTHER SERVICES COMBINED,49.34B
EBAY,"SERVICES-BUSINESS SERVICES, NEC",48.55B
ADSK,Technology,48.52B
CAH,"WHOLESALE-DRUGS, PROPRIETARIES & DRUGGISTS' SUNDRIES",48.18B
MCHP,Technology,47.80B
FITB,STATE COMMERCIAL BANKS,47.14B
EXC,ELECTRIC & OTHER SERVICES COMBINED,46.81B
HEI,AIRCRAFT ENGINES & ENGINE PARTS,46.29B
ON,Technology,45.95B
GRMN,"SEARCH, DETECTION, NAVIGATION, GUIDANCE, AERONAUTICAL SYS",45.62B
MSCI,"SERVICES-BUSINESS SERVICES, NEC",44.81B
STT,STATE COMMERCIAL BANKS,44.77B
FERG,WHOLESALE-HARDWARE & PLUMBING & HEATING EQUIPMENT & SUPPLIES,44.52B
IDXX,IN VITRO & IN VIVO DIAGNOSTIC SUBSTANCES,44.34B
WAB,RAILROAD EQUIPMENT,44.18B
MDLN,SURGICAL & MEDICAL INSTRUMENTS & APPARATUS,44.15B
MSTR,Technology,43.14B
AU,Unknown,42.53B
HUM,Healthcare,42.03B
BDX,Healthcare,41.65B
YUM,Consumer Discretionary,41.58B
KDP,BEVERAGES,41.54B
ARES,INVESTMENT ADVICE,41.45B
GFS,Unknown,41.42B
DHI,Consumer Discretionary,41.29B
CCI,Real Estate,41.24B
AMP,INVESTMENT ADVICE,40.87B
XYZ,SERVICES-PREPACKAGED SOFTWARE,40.56B
ALNY,PHARMACEUTICAL PREPARATIONS,40.46B
COIN,Technology,40.15B
VIK,Unknown,40.13B
AIG,"FIRE, MARINE & CASUALTY INSURANCE",40.03B
VTR,Real Estate,39.88B
TTWO,SERVICES-PREPACKAGED SOFTWARE,39.81B
PEG,ELECTRIC & OTHER SERVICES COMBINED,39.61B
KR,RETAIL-GROCERY STORES,39.19B
AXON,Technology,39.18B
ED,ELECTRIC & OTHER SERVICES COMBINED,39.16B
ADM,FATS & OILS,39.00B
TKO,SERVICES-AMUSEMENT & RECREATION SERVICES,38.89B
STLD,Materials,38.72B
CBRE,REAL ESTATE,38.34B
A,LABORATORY ANALYTICAL INSTRUMENTS,38.22B
PCG,ELECTRIC & OTHER SERVICES COMBINED,37.68B
CMG,Consumer Discretionary,37.64B
HSY,SUGAR & CONFECTIONERY PRODUCTS,37.44B
JBL,PRINTED CIRCUIT BOARDS,37.27B
LYV,SERVICES-AMUSEMENT & RECREATION SERVICES,37.25B
IRM,REAL ESTATE INVESTMENT TRUSTS,37.09B
WEC,ELECTRIC & OTHER SERVICES COMBINED,36.79B
VMC,MINING & QUARRYING OF NONMETALLIC MINERALS (NO FUELS),36.51B
SYY,WHOLESALE-GROCERIES & RELATED PRODUCTS,36.48B
PYPL,"SERVICES-BUSINESS SERVICES, NEC",36.42B
ASTS,"COMMUNICATIONS SERVICES, NEC",36.33B
EME,ELECTRICAL WORK,36.33B
PRU,LIFE INSURANCE,36.30B
HIG,"FIRE, MARINE & CASUALTY INSURANCE",36.22B
WDAY,Software & Services,36.03B
PAYX,Software & Services,36.02B
WAT,LABORATORY ANALYTICAL INSTRUMENTS,35.87B
RKT,MORTGAGE BANKERS & LOAN CORRESPONDENTS,35.79B
MLM,MINING & QUARRYING OF NONMETALLIC MINERALS (NO FUELS),34.58B
UI,RADIO & TV BROADCASTING & COMMUNICATIONS EQUIPMENT,34.33B
UAL,Industrials,34.32B
TWLO,Technology,34.30B
HEI.A,AIRCRAFT ENGINES & ENGINE PARTS,34.01B
KVUE,"PERFUMES, COSMETICS & OTHER TOILET PREPARATIONS",34.00B
CCL,WATER TRANSPORTATION,33.96B
EQT,CRUDE PETROLEUM & NATURAL GAS,33.62B
ROP,Software & Services,33.52B
HBAN,NATIONAL COMMERCIAL BANKS,33.49B
RDDT,SERVICES-COMPUTER PROCESSING & DATA PREPARATION,33.39B
ZTS,PHARMACEUTICAL PREPARATIONS,33.30B
LVS,HOTELS & MOTELS,33.30B
NTAP,COMPUTER STORAGE DEVICES,32.96B
KMB,CONVERTED PAPER & PAPERBOARD PRODS (NO CONTANERS/BOXES),32.88B
HAL,Energy,32.73B
MTB,STATE COMMERCIAL BANKS,32.58B
RPRX,PHARMACEUTICAL PREPARATIONS,32.17B
ACGL,"FIRE, MARINE & CASUALTY INSURANCE",31.86B
RVMD,"BIOLOGICAL PRODUCTS, (NO DIAGNOSTIC SUBSTANCES)",31.73B
NTRS,STATE COMMERCIAL BANKS,31.55B
NTRA,SERVICES-MEDICAL LABORATORIES,30.84B
CNC,HOSPITAL & MEDICAL SERVICE PLANS,30.78B
EXR,REAL ESTATE INVESTMENT TRUSTS,30.70B
IQV,Healthcare,30.62B
VICI,Real Estate,30.45B
DTE,ELECTRIC SERVICES,30.32B
AEE,ELECTRIC & OTHER SERVICES COMBINED,30.24B
EL,"PERFUMES, COSMETICS & OTHER TOILET PREPARATIONS",30.21B
FSLR,SEMICONDUCTORS & RELATED DEVICES,29.98B
ZM,Software & Services,29.95B
RBLX,Technology,29.94B
Q,SEMICONDUCTORS & RELATED DEVICES,29.74B
RJF,"SECURITY BROKERS, DEALERS & FLOTATION COMPANIES",29.51B
CBOE,"SECURITY & COMMODITY BROKERS, DEALERS, EXCHANGES & SERVICES",29.50B
GEHC,X-RAY APPARATUS & TUBES & RELATED IRRADIATION APPARATUS,29.42B
FISV,"SERVICES-BUSINESS SERVICES, NEC",29.02B
DOV,"CONSTRUCTION, MINING & MATERIALS HANDLING MACHINERY & EQUIP",28.92B
BIIB,Healthcare,28.84B
MTZ,"WATER, SEWER, PIPELINE, COMM & POWER LINE CONSTRUCTION",28.75B
CPRT,RETAIL-AUTO DEALERS & GASOLINE STATIONS,28.66B
RMD,Healthcare,28.44B
ATO,NATURAL GAS DISTRIBUTION,28.42B
TPR,LEATHER & LEATHER PRODUCTS,28.31B
IR,GENERAL INDUSTRIAL MACHINERY & EQUIPMENT,28.27B
EIX,ELECTRIC SERVICES,28.22B
MDB,SERVICES-PREPACKAGED SOFTWARE,28.21B
VEEV,Software & Services,28.17B
CASY,RETAIL-AUTO DEALERS & GASOLINE STATIONS,28.16B
DXCM,Healthcare,28.11B
FOXA,Media & Entertainment,28.11B
CNP,ELECTRIC SERVICES,27.93B
TDY,"SEARCH, DETECTION, NAVIGATION, GUIDANCE, AERONAUTICAL SYS",27.90B
EXPE,Consumer Discretionary,27.47B
NRG,ELECTRIC SERVICES,27.26B
CPNG,RETAIL-CATALOG & MAIL-ORDER HOUSES,27.20B
CW,MISC INDUSTRIAL & COMMERCIAL MACHINERY & EQUIPMENT,27.08B
CFG,STATE COMMERCIAL BANKS,27.06B
OTIS,Industrials,26.99B
AVB,Real Estate,26.92B
PPL,ELECTRIC SERVICES,26.89B
TPL,Energy,26.88B
JBHT,TRUCKING (NO LOCAL),26.87B
FE,ELECTRIC SERVICES,26.85B
VRSN,Technology,26.84B
KHC,"CANNED, FROZEN & PRESERVD FRUIT, VEG & FOOD SPECIALTIES",26.77B
FTI,OIL & GAS FIELD MACHINERY & EQUIPMENT,26.64B
ES,ELECTRIC SERVICES,26.55B
FICO,"SERVICES-BUSINESS SERVICES, NEC",26.37B
MTSI,SEMICONDUCTORS & RELATED DEVICES,26.35B
NVT,SPECIAL INDUSTRY MACHINERY (NO METALWORKING MACHINERY),26.34B
XYL,PUMPS & PUMPING EQUIPMENT,26.13B
XPO,Industrials,25.71B
CINF,"FIRE, MARINE & CASUALTY INSURANCE",25.57B
EQR,Real Estate,25.55B
WRB,"FIRE, MARINE & CASUALTY INSURANCE",25.53B
PPG,"PAINTS, VARNISHES, LACQUERS, ENAMELS & ALLIED PRODS",25.37B
TEAM,Software & Services,25.24B
CTSH,SERVICES-COMPUTER PROGRAMMING SERVICES,25.21B
QSR,Consumer Discretionary,25.21B
HUBB,ELECTRONIC COMPONENTS & ACCESSORIES,25.20B
FOX,Media & Entertainment,25.16B
SMCI,Technology,25.04B
WTW,"INSURANCE AGENTS, BROKERS & SERVICE",24.89B
ILMN,LABORATORY ANALYTICAL INSTRUMENTS,24.56B
BG,FATS & OILS,24.54B
DOW,"PLASTIC MATERIALS, SYNTH RESINS & NONVULCAN ELASTOMERS",24.48B
RF,NATIONAL COMMERCIAL BANKS,24.36B
AWK,WATER SUPPLY,24.31B
STZ,BEVERAGES,24.26B
ATI,STEEL PIPE & TUBES,24.22B
WSM,"RETAIL-HOME FURNITURE, FURNISHINGS & EQUIPMENT STORES",24.14B
FCNCA,STATE COMMERCIAL BANKS,24.05B
CRS,"STEEL WORKS, BLAST FURNACES & ROLLING MILLS (COKE OVENS)",24.03B
FTAI,SERVICES-MISCELLANEOUS EQUIPMENT RENTAL & LEASING,24.01B
P,COMPUTER STORAGE DEVICES,23.97B
SYF,FINANCE SERVICES,23.83B
VRSK,SERVICES-COMPUTER PROCESSING & DATA PREPARATION,23.81B
KEY,NATIONAL COMMERCIAL BANKS,23.59B
LLYVK,Unknown,23.39B
HPQ,COMPUTER & OFFICE EQUIPMENT,23.39B
UTHR,PHARMACEUTICAL PREPARATIONS,23.34B
MTD,LABORATORY ANALYTICAL INSTRUMENTS,23.33B
LPLA,Healthcare,23.07B
CHD,Consumer Staples,22.92B
DG,RETAIL-VARIETY STORES,22.84B
MKL,"FIRE, MARINE & CASUALTY INSURANCE",22.75B
PFG,ACCIDENT & HEALTH INSURANCE,22.73B
TROW,INVESTMENT ADVICE,22.71B
CPAY,"SERVICES-BUSINESS SERVICES, NEC",22.71B
LLYVA,Unknown,22.71B
DRI,Consumer Discretionary,22.69B
ROL,SERVICES-TO DWELLINGS & OTHER BUILDINGS,22.68B
PHM,OPERATIVE BUILDERS,22.55B
NI,ELECTRIC & OTHER SERVICES COMBINED,22.35B
LEN,Consumer Discretionary,22.29B
CMS,ELECTRIC & OTHER SERVICES COMBINED,22.25B
WST,SURGICAL & MEDICAL INSTRUMENTS & APPARATUS,22.22B
FFIV,COMPUTER COMMUNICATIONS EQUIPMENT,22.19B
RL,"MEN'S & BOYS' FURNISHGS, WORK CLOTHG, & ALLIED GARMENTS",22.19B
DGX,Healthcare,22.17B
L,"FIRE, MARINE & CASUALTY INSURANCE",22.13B
SBAC,REAL ESTATE INVESTMENT TRUSTS,22.06B
EXE,CRUDE PETROLEUM & NATURAL GAS,22.03B
FWONK,TELEVISION BROADCASTING STATIONS,21.97B
LEN.B,GENERAL BLDG CONTRACTORS - RESIDENTIAL BLDGS,21.84B
TW,"SECURITY & COMMODITY BROKERS, DEALERS, EXCHANGES & SERVICES",21.84B
LH,Healthcare,21.74B
AKAM,"SERVICES-BUSINESS SERVICES, NEC",21.71B
CHRW,Industrials,21.70B
SW,PAPERBOARD CONTAINERS & BOXES,21.65B
SNX,WHOLESALE-COMPUTERS & PERIPHERAL EQUIPMENT & SOFTWARE,21.61B
OMC,SERVICES-ADVERTISING AGENCIES,21.46B
WWD,ELECTRICAL INDUSTRIAL APPARATUS,21.31B
AFRM,Technology,21.30B
FIS,"SERVICES-BUSINESS SERVICES, NEC",21.17B
ZS,Technology,21.15B
VLTO,INSTRUMENTS FOR MEAS & TESTING OF ELECTRICITY & ELEC SIGNALS,21.13B
EXPD,ARRANGEMENT OF TRANSPORTATION OF FREIGHT & CARGO,20.98B
RIVN,MOTOR VEHICLES & PASSENGER CAR BODIES,20.93B
DLTR,RETAIL-VARIETY STORES,20.91B
LYB,Materials,20.82B
STE,"ORTHOPEDIC, PROSTHETIC & SURGICAL APPLIANCES & SUPPLIES",20.73B
TSN,POULTRY SLAUGHTERING AND PROCESSING,20.68B
OKTA,Technology,20.63B
SOFI,FINANCE SERVICES,20.56B
ROIV,PHARMACEUTICAL PREPARATIONS,20.56B
EFX,"SERVICES-CONSUMER CREDIT REPORTING, COLLECTION AGENCIES",20.50B
INCY,Healthcare,20.45B
INSM,PHARMACEUTICAL PREPARATIONS,20.42B
MKSI,"INDUSTRIAL INSTRUMENTS FOR MEASUREMENT, DISPLAY, AND CONTROL",20.37B
ULTA,"RETAIL-RETAIL STORES, NEC",20.35B
LUV,Industrials,20.30B
FWONA,Unknown,20.28B
IOT,SERVICES-COMPUTER INTEGRATED SYSTEMS DESIGN,20.28B
RS,WHOLESALE-METALS SERVICE CENTERS & OFFICES,20.13B
CRCL,FINANCE SERVICES,19.96B
BURL,RETAIL-DEPARTMENT STORES,19.96B
BRO,"INSURANCE AGENTS, BROKERS & SERVICE",19.95B
PKG,Materials,19.85B
AS,Unknown,19.82B
SNA,"CUTLERY, HANDTOOLS & GENERAL HARDWARE",19.67B
RBA,"SERVICES-BUSINESS SERVICES, NEC",19.47B
DKS,RETAIL-MISCELLANEOUS SHOPPING GOODS STORES,19.22B
DD,Materials,19.20B
EVRG,ELECTRIC & OTHER SERVICES COMBINED,19.19B
ENTG,"PLASTICS PRODUCTS, NEC",19.13B
AA,PRIMARY PRODUCTION OF ALUMINUM,18.97B
MRNA,"BIOLOGICAL PRODUCTS, (NO DIAGNOSTIC SUBSTANCES)",18.82B
LNT,ELECTRIC & OTHER SERVICES COMBINED,18.82B
FTV,"INDUSTRIAL INSTRUMENTS FOR MEASUREMENT, DISPLAY, AND CONTROL",18.68B
RBC,BALL & ROLLER BEARINGS,18.67B
IFF,Materials,18.64B
USFD,WHOLESALE-GROCERIES & RELATED PRODUCTS,18.63B
LSCC,SEMICONDUCTORS & RELATED DEVICES,18.57B
VTRS,PHARMACEUTICAL PREPARATIONS,18.49B
ESS,REAL ESTATE INVESTMENT TRUSTS,18.34B
ALB,"PLASTIC MATERIALS, SYNTH RESINS & NONVULCAN ELASTOMERS",18.33B
APG,SERVICES-TO DWELLINGS & OTHER BUILDINGS,18.19B
H,HOTELS & MOTELS,18.18B
GPN,"SERVICES-BUSINESS SERVICES, NEC",18.14B
ROKU,Consumer Discretionary,18.06B
INVH,REAL ESTATE OPERATORS (NO DEVELOPERS) & LESSORS,17.84B
IP,PAPER MILLS,17.80B
LII,AIR-COND & WARM AIR HEATG EQUIP & COMM & INDL REFRIG EQUIP,17.69B
GIS,GRAIN MILL PRODUCTS,17.69B
WY,REAL ESTATE INVESTMENT TRUSTS,17.65B
AMCR,MISCELLANEOUS MANUFACTURING INDUSTRIES,17.63B
BR,"SERVICES-BUSINESS SERVICES, NEC",17.50B
RGLD,MINERAL ROYALTY TRADERS,17.49B
FLUT,"SERVICES-COMPUTER PROGRAMMING, DATA PROCESSING, ETC.",17.44B
CF,Materials,17.44B
WCC,"WHOLESALE-ELECTRICAL APPARATUS & EQUIPMENT, WIRING SUPPLIES",17.25B
EWBC,STATE COMMERCIAL BANKS,17.25B
ITT,PUMPS & PUMPING EQUIPMENT,17.12B
NWS,NEWSPAPERS: PUBLISHING OR PUBLISHING & PRINTING,17.07B
BWXT,ENGINES & TURBINES,17.03B
CDW,RETAIL-CATALOG & MAIL-ORDER HOUSES,17.00B
SN,HOUSEHOLD APPLIANCES,16.96B
ZBH,Healthcare,16.89B
HST,Real Estate,16.86B
SSNC,SERVICES-PREPACKAGED SOFTWARE,16.84B
NVR,OPERATIVE BUILDERS,16.69B
WPC,REAL ESTATE INVESTMENT TRUSTS,16.59B
TLN,ELECTRIC SERVICES,16.56B
NBIX,"BIOLOGICAL PRODUCTS, (NO DIAGNOSTIC SUBSTANCES)",16.48B
KIM,Real Estate,16.34B
VNOM,CRUDE PETROLEUM & NATURAL GAS,16.32B
BEN,INVESTMENT ADVICE,16.28B
CHTR,CABLE & OTHER PAY TELEVISION SERVICES,16.25B
AMKR,SEMICONDUCTORS & RELATED DEVICES,16.10B
PR,CRUDE PETROLEUM & NATURAL GAS,16.05B
MAA,REAL ESTATE INVESTMENT TRUSTS,16.01B
IEX,PUMPS & PUMPING EQUIPMENT,15.94B
OVV,Energy,15.93B
TXT,AIRCRAFT & PARTS,15.84B
GEN,SERVICES-PREPACKAGED SOFTWARE,15.83B
TPG,INVESTMENT ADVICE,15.83B
PTC,SERVICES-PREPACKAGED SOFTWARE,15.82B
NDSN,"GENERAL INDUSTRIAL MACHINERY & EQUIPMENT, NEC",15.75B
LDOS,SERVICES-COMPUTER INTEGRATED SYSTEMS DESIGN,15.65B
CG,INVESTMENT ADVICE,15.65B
TSCO,"RETAIL-BUILDING MATERIALS, HARDWARE, GARDEN SUPPLY",15.62B
NLY,Financials,15.55B
GNRC,MOTORS & GENERATORS,15.40B
LAMR,REAL ESTATE INVESTMENT TRUSTS,15.37B
OWL,INVESTMENT ADVICE,15.28B
PFGC,"WHOLESALE-GROCERIES, GENERAL LINE",15.26B
SUI,REAL ESTATE INVESTMENT TRUSTS,15.24B
RBRK,SERVICES-PREPACKAGED SOFTWARE,15.11B
WSO,WHOLESALE-HARDWARE & PLUMBING & HEATING EQUIPMENT & SUPPLIES,15.10B
BBY,Consumer Discretionary,15.07B
DECK,RUBBER & PLASTICS FOOTWEAR,15.02B
JAZZ,PHARMACEUTICAL PREPARATIONS,14.97B
CLH,HAZARDOUS WASTE MANAGEMENT,14.96B
NWSA,NEWSPAPERS: PUBLISHING OR PUBLISHING & PRINTING,14.92B
BWA,MOTOR VEHICLE PARTS & ACCESSORIES,14.90B
MLI,ROLLING DRAWING & EXTRUDING OF NONFERROUS METALS,14.68B
PNFP,NATIONAL COMMERCIAL BANKS,14.55B
DTM,NATURAL GAS TRANSMISSION,14.54B
APTV,Automotive & Transport,14.52B
NTNX,Software & Services,14.50B
J,HEAVY CONSTRUCTION OTHER THAN BLDG CONST - CONTRACTORS,14.47B
LECO,METALWORKG MACHINERY & EQUIPMENT,14.36B
SGI,HOUSEHOLD FURNITURE,14.31B
TOST,SERVICES-COMPUTER PROCESSING & DATA PREPARATION,14.29B
REG,REAL ESTATE INVESTMENT TRUSTS,14.23B
BALL,METAL CANS,14.09B
ARMK,RETAIL-EATING PLACES,14.04B
SOLV,SURGICAL & MEDICAL INSTRUMENTS & APPARATUS,14.03B
EVR,INVESTMENT ADVICE,14.01B
MAS,"HEATING EQUIP, EXCEPT ELEC & WARM AIR; & PLUMBING FIXTURES",14.00B
CSL,"FABRICATED RUBBER PRODUCTS, NEC",14.00B
THC,"SERVICES-GENERAL MEDICAL & SURGICAL HOSPITALS, NEC",13.96B
UNM,ACCIDENT & HEALTH INSURANCE,13.88B
TIGO,Unknown,13.85B
CSGP,"SERVICES-BUSINESS SERVICES, NEC",13.84B
JLL,REAL ESTATE AGENTS & MANAGERS (FOR OTHERS),13.72B
DOC,REAL ESTATE INVESTMENT TRUSTS,13.64B
TRU,"SERVICES-CONSUMER CREDIT REPORTING, COLLECTION AGENCIES",13.62B
RRX,"GENERAL INDUSTRIAL MACHINERY & EQUIPMENT, NEC",13.61B
GPC,WHOLESALE-MOTOR VEHICLE SUPPLIES & NEW PARTS,13.51B
RGA,LIFE INSURANCE,13.43B
RPM,Materials,13.40B
GLPI,Real Estate,13.36B
CNH,CONSTRUCTION MACHINERY & EQUIP,13.33B
EXEL,Healthcare,13.25B
OHI,REAL ESTATE INVESTMENT TRUSTS,13.24B
EG,"FIRE, MARINE & CASUALTY INSURANCE",13.23B
LULU,Consumer Discretionary,13.21B
TYL,SERVICES-PREPACKAGED SOFTWARE,13.16B
COO,OPHTHALMIC GOODS,13.14B
ALLY,STATE COMMERCIAL BANKS,13.11B
HRL,Consumer Staples,13.00B
MEDP,SERVICES-COMMERCIAL PHYSICAL & BIOLOGICAL RESEARCH,12.97B
APA,Energy,12.93B
TOL,Consumer Discretionary,12.89B
DINO,Energy,12.87B
SOLS,CHEMICALS & ALLIED PRODUCTS,12.87B
KNX,TRUCKING (NO LOCAL),12.77B
FNF,TITLE INSURANCE,12.76B
AIZ,"INSURANCE CARRIERS, NEC",12.75B
UDR,REAL ESTATE INVESTMENT TRUSTS,12.74B
U,Software & Services,12.73B
MKC,Consumer Staples,12.70B
TRMB,"MEASURING & CONTROLLING DEVICES, NEC",12.63B
PEN,SURGICAL & MEDICAL INSTRUMENTS & APPARATUS,12.61B
ONTO,"MEASURING & CONTROLLING DEVICES, NEC",12.60B
PNW,ELECTRIC SERVICES,12.49B
NYT,NEWSPAPERS: PUBLISHING OR PUBLISHING & PRINTING,12.44B
SAIA,TRUCKING (NO LOCAL),12.44B
DT,SERVICES-PREPACKAGED SOFTWARE,12.43B
AUR,SERVICES-COMPUTER INTEGRATED SYSTEMS DESIGN,12.38B
DKNG,SERVICES-MISCELLANEOUS AMUSEMENT & RECREATION,12.37B
ONON,Unknown,12.36B
GL,LIFE INSURANCE,12.36B
GGG,PUMPS & PUMPING EQUIPMENT,12.34B
DVA,"SERVICES-MISC HEALTH & ALLIED SERVICES, NEC",12.34B
DRS,"SEARCH, DETECTION, NAVIGATION, GUIDANCE, AERONAUTICAL SYS",12.31B
IONS,PHARMACEUTICAL PREPARATIONS,12.31B
RNR,"FIRE, MARINE & CASUALTY INSURANCE",12.30B
CRBG,LIFE INSURANCE,12.27B
BF.A,BEVERAGES,12.24B
SWK,"CUTLERY, HANDTOOLS & GENERAL HARDWARE",12.20B
MGM,HOTELS & MOTELS,12.16B
IVZ,INVESTMENT ADVICE,12.12B
ELS,REAL ESTATE INVESTMENT TRUSTS,12.11B
ALGN,"ORTHOPEDIC, PROSTHETIC & SURGICAL APPLIANCES & SUPPLIES",12.01B
BF.B,BEVERAGES,12.00B
PINS,Consumer Discretionary,12.00B
AMH,REAL ESTATE INVESTMENT TRUSTS,12.00B
COKE,BOTTLED & CANNED SOFT DRINKS & CARBONATED WATERS,11.97B
HAS,"GAMES, TOYS & CHILDREN'S VEHICLES (NO DOLLS & BICYCLES)",11.91B
AVY,CONVERTED PAPER & PAPERBOARD PRODS (NO CONTANERS/BOXES),11.87B
PNR,SPECIAL INDUSTRY MACHINERY (NO METALWORKING MACHINERY),11.82B
CNA,"FIRE, MARINE & CASUALTY INSURANCE",11.81B
ELAN,PHARMACEUTICAL PREPARATIONS,11.80B
CACI,SERVICES-COMPUTER INTEGRATED SYSTEMS DESIGN,11.74B
WBS,NATIONAL COMMERCIAL BANKS,11.71B
AGNC,Financials,11.67B
AIT,"WHOLESALE-MACHINERY, EQUIPMENT & SUPPLIES",11.65B
LFUS,SWITCHGEAR & SWITCHBOARD APPARATUS,11.57B
HII,SHIP & BOAT BUILDING & REPAIRING,11.55B
GWRE,SERVICES-PREPACKAGED SOFTWARE,11.52B
EQH,"INSURANCE AGENTS, BROKERS & SERVICE",11.49B
FHN,NATIONAL COMMERCIAL BANKS,11.47B
SMMT,PHARMACEUTICAL PREPARATIONS,11.46B
QXO,WHOLESALE-LUMBER & OTHER CONSTRUCTION MATERIALS,11.43B
BJ,RETAIL-VARIETY STORES,11.39B
JEF,"SECURITY BROKERS, DEALERS & FLOTATION COMPANIES",11.38B
CLX,"SPECIALTY CLEANING, POLISHING AND SANITATION PREPARATIONS",11.38B
CPT,REAL ESTATE INVESTMENT TRUSTS,11.32B
UHAL,SERVICES-AUTO RENTAL & LEASING (NO DRIVERS),11.28B
BLD,CONSTRUCTION - SPECIAL TRADE CONTRACTORS,11.26B
PAG,RETAIL-AUTO DEALERS & GASOLINE STATIONS,11.24B
TXRH,Consumer Discretionary,11.20B
ARW,"WHOLESALE-ELECTRONIC PARTS & EQUIPMENT, NEC",11.20B
ALLE,"SERVICES-DETECTIVE, GUARD & ARMORED CAR SERVICES",11.19B
GDDY,SERVICES-COMPUTER INTEGRATED SYSTEMS DESIGN,11.17B
SWKS,SEMICONDUCTORS & RELATED DEVICES,11.07B
ZBRA,GENERAL INDUSTRIAL MACHINERY & EQUIPMENT,11.06B
SJM,Consumer Staples,11.04B
AR,Energy,11.02B
AFG,"FIRE, MARINE & CASUALTY INSURANCE",11.01B
IT,SERVICES-MANAGEMENT SERVICES,10.98B
RVTY,LABORATORY ANALYTICAL INSTRUMENTS,10.97B
BMRN,Healthcare,10.97B
CR,MISCELLANEOUS FABRICATED METAL PRODUCTS,10.91B
HUBS,Software & Services,10.89B
AAON,AIR-COND & WARM AIR HEATG EQUIP & COMM & INDL REFRIG EQUIP,10.86B
GMED,SURGICAL & MEDICAL INSTRUMENTS & APPARATUS,10.86B
SF,"SECURITY BROKERS, DEALERS & FLOTATION COMPANIES",10.85B
WLK,INDUSTRIAL ORGANIC CHEMICALS,10.84B
WYNN,HOTELS & MOTELS,10.84B
SEIC,"SECURITY BROKERS, DEALERS & FLOTATION COMPANIES",10.75B
EGP,REAL ESTATE INVESTMENT TRUSTS,10.66B
PODD,Healthcare,10.61B
WTRG,WATER SUPPLY,10.60B
FRT,REAL ESTATE INVESTMENT TRUSTS,10.59B
SFD,MEAT PACKING PLANTS,10.57B
MP,METAL MINING,10.54B
FIVE,RETAIL-VARIETY STORES,10.53B
AES,COGENERATION SERVICES & SMALL POWER PRODUCERS,10.46B
DPZ,WHOLESALE-GROCERIES & RELATED PRODUCTS,10.44B
CCK,METAL CANS,10.44B
VMI,FABRICATED STRUCTURAL METAL PRODUCTS,10.36B
SAIL,SERVICES-PREPACKAGED SOFTWARE,10.35B
EHC,SERVICES-HOSPITALS,10.32B
WTFC,STATE COMMERCIAL BANKS,10.31B
R,SERVICES-AUTO RENTAL & LEASING (NO DRIVERS),10.26B
AM,NATURAL GAS TRANSMISSION,10.22B
CGNX,"INDUSTRIAL INSTRUMENTS FOR MEASUREMENT, DISPLAY, AND CONTROL",10.12B
CNM,"WHOLESALE-DURABLE GOODS, NEC",10.11B
MUSA,RETAIL-AUTO DEALERS & GASOLINE STATIONS,10.09B
BAX,SURGICAL & MEDICAL INSTRUMENTS & APPARATUS,10.01B
BSY,SERVICES-PREPACKAGED SOFTWARE,10.00B
WMS,PLASTICS FOAM PRODUCTS,9.97B
MOH,HOSPITAL & MEDICAL SERVICE PLANS,9.94B
BXP,REAL ESTATE INVESTMENT TRUSTS,9.94B
BPOP,STATE COMMERCIAL BANKS,9.88B
OGE,ELECTRIC SERVICES,9.86B
GME,RETAIL-COMPUTER & COMPUTER SOFTWARE STORES,9.78B
JHX,Unknown,9.74B
LINE,REAL ESTATE INVESTMENT TRUSTS,9.71B
ESI,MISCELLANEOUS CHEMICAL PRODUCTS,9.71B
CART,"SERVICES-BUSINESS SERVICES, NEC",9.70B
BROS,RETAIL-EATING & DRINKING PLACES,9.70B
DCI,INDUSTRIAL & COMMERCIAL FANS & BLOWERS & AIR PURIFYING EQUIP,9.69B
HLI,INVESTMENT ADVICE,9.62B
SCI,SERVICES-PERSONAL SERVICES,9.61B
ALSN,MOTOR VEHICLE PARTS & ACCESSORIES,9.60B
OC,"ABRASIVE, ASBESTOS & MISC NONMETALLIC MINERAL PRODS",9.60B
BAH,SERVICES-MANAGEMENT CONSULTING SERVICES,9.52B
BRX,REAL ESTATE INVESTMENT TRUSTS,9.51B
DDS,RETAIL-DEPARTMENT STORES,9.47B
DAR,FATS & OILS,9.45B
FLS,PUMPS & PUMPING EQUIPMENT,9.39B
TTD,"SERVICES-COMPUTER PROGRAMMING, DATA PROCESSING, ETC.",9.38B
MASI,ELECTROMEDICAL & ELECTROTHERAPEUTIC APPARATUS,9.36B
FDS,"SERVICES-COMPUTER PROGRAMMING, DATA PROCESSING, ETC.",9.31B
SSB,STATE COMMERCIAL BANKS,9.31B
ZION,NATIONAL COMMERCIAL BANKS,9.30B
MSGS,Media & Entertainment,9.30B
ORI,SURETY INSURANCE,9.29B
JKHY,SERVICES-COMPUTER INTEGRATED SYSTEMS DESIGN,9.24B
RRC,CRUDE PETROLEUM & NATURAL GAS,9.21B
DOCU,SERVICES-PREPACKAGED SOFTWARE,9.18B
TKR,BALL & ROLLER BEARINGS,9.16B
AYI,ELECTRIC LIGHTING & WIRING EQUIPMENT,9.16B
ACM,SERVICES-ENGINEERING SERVICES,9.14B
CUBE,Real Estate,9.13B
SIRI,RADIO BROADCASTING STATIONS,9.09B
FRHC,"SECURITY BROKERS, DEALERS & FLOTATION COMPANIES",9.09B
W,RETAIL-CATALOG & MAIL-ORDER HOUSES,9.02B
ARE,Real Estate,8.94B
AAL,Industrials,8.93B
AMG,INVESTMENT ADVICE,8.90B
HSIC,"WHOLESALE-MEDICAL, DENTAL & HOSPITAL EQUIPMENT & SUPPLIES",8.82B
ADC,REAL ESTATE INVESTMENT TRUSTS,8.82B
CFR,NATIONAL COMMERCIAL BANKS,8.80B
UHS,"SERVICES-GENERAL MEDICAL & SURGICAL HOSPITALS, NEC",8.79B
WAL,STATE COMMERCIAL BANKS,8.75B
CRL,SERVICES-COMMERCIAL PHYSICAL & BIOLOGICAL RESEARCH,8.74B
MANH,SERVICES-PREPACKAGED SOFTWARE,8.73B
QRVO,Technology,8.65B
ALGM,SEMICONDUCTORS & RELATED DEVICES,8.64B
NCLH,WATER TRANSPORTATION,8.61B
CHWY,Consumer Discretionary,8.60B
COLB,STATE COMMERCIAL BANKS,8.59B
RYAN,"INSURANCE AGENTS, BROKERS & SERVICE",8.58B
BRKR,LABORATORY ANALYTICAL INSTRUMENTS,8.58B
NNN,REAL ESTATE INVESTMENT TRUSTS,8.55B
SARO,AIRCRAFT ENGINES & ENGINE PARTS,8.51B
HALO,"BIOLOGICAL PRODUCTS, (NO DIAGNOSTIC SUBSTANCES)",8.48B
CAVA,RETAIL-EATING PLACES,8.46B
TTC,LAWN & GARDEN TRACTORS & HOME LAWN & GARDENS EQUIP,8.45B
AGCO,FARM MACHINERY & EQUIPMENT,8.43B
TEM,"SERVICES-COMPUTER PROGRAMMING, DATA PROCESSING, ETC.",8.34B
PRMB,BEVERAGES,8.33B
CRUS,Technology,8.32B
PRI,LIFE INSURANCE,8.29B
EMN,"PLASTIC MATERIALS, SYNTH RESINS & NONVULCAN ELASTOMERS",8.21B
FR,REAL ESTATE INVESTMENT TRUSTS,8.16B
CWEN,ELECTRIC SERVICES,8.16B
TECH,"BIOLOGICAL PRODUCTS, (NO DIAGNOSTIC SUBSTANCES)",8.14B
OSK,MOTOR VEHICLES & PASSENGER CAR BODIES,8.14B
ZG,"SERVICES-BUSINESS SERVICES, NEC",8.10B
VIRT,"SECURITY BROKERS, DEALERS & FLOTATION COMPANIES",8.09B
ACI,RETAIL-GROCERY STORES,8.09B
MTCH,"SERVICES-COMPUTER PROGRAMMING, DATA PROCESSING, ETC.",8.03B
Z,"SERVICES-BUSINESS SERVICES, NEC",8.02B
JHG,INVESTMENT ADVICE,7.98B
XP,Unknown,7.93B
BLDR,RETAIL-LUMBER & OTHER BUILDING MATERIALS DEALERS,7.92B
AOS,HOUSEHOLD APPLIANCES,7.88B
BIO,LABORATORY ANALYTICAL INSTRUMENTS,7.88B
VOYA,Financials,7.86B
BOKF,NATIONAL COMMERCIAL BANKS,7.85B
IDA,ELECTRIC SERVICES,7.83B
CORT,PHARMACEUTICAL PREPARATIONS,7.80B
SFM,RETAIL-GROCERY STORES,7.79B
BIRK,Unknown,7.79B
GAP,RETAIL-FAMILY CLOTHING STORES,7.76B
CBSH,STATE COMMERCIAL BANKS,7.73B
CLF,Materials,7.72B
REXR,REAL ESTATE INVESTMENT TRUSTS,7.69B
ECG,OPERATIVE BUILDERS,7.67B
SSD,"CUTLERY, HANDTOOLS & GENERAL HARDWARE",7.63B
CHRD,CRUDE PETROLEUM & NATURAL GAS,7.59B
QGEN,Unknown,7.57B
KEX,WATER TRANSPORTATION,7.55B
UGI,GAS & OTHER SERVICES COMBINED,7.47B
LSTR,TRUCKING (NO LOCAL),7.40B
ENPH,SEMICONDUCTORS & RELATED DEVICES,7.39B
NFG,NATURAL GAS DISTRIBUTION,7.36B
PCOR,SERVICES-PREPACKAGED SOFTWARE,7.33B
AXS,"FIRE, MARINE & CASUALTY INSURANCE",7.28B
NEU,INDUSTRIAL ORGANIC CHEMICALS,7.27B
ST,"INDUSTRIAL INSTRUMENTS FOR MEASUREMENT, DISPLAY, AND CONTROL",7.25B
TTEK,SERVICES-ENGINEERING SERVICES,7.24B
ATR,"PLASTICS PRODUCTS, NEC",7.23B
NOV,OIL & GAS FIELD MACHINERY & EQUIPMENT,7.23B
CELH,BOTTLED & CANNED SOFT DRINKS & CARBONATED WATERS,7.19B
STAG,REAL ESTATE INVESTMENT TRUSTS,7.12B
AVT,"WHOLESALE-ELECTRONIC PARTS & EQUIPMENT, NEC",7.12B
PPC,Automotive & Transport,7.11B
LEA,Automotive & Transport,7.09B
MOS,Materials,7.07B
MORN,INVESTMENT ADVICE,7.06B
BEPC,Unknown,7.06B
KNSL,"FIRE, MARINE & CASUALTY INSURANCE",7.06B
MIDD,REFRIGERATION & SERVICE INDUSTRY MACHINERY,7.00B
PB,STATE COMMERCIAL BANKS,6.99B
WFRD,OIL & GAS FIELD MACHINERY & EQUIPMENT,6.99B
TAP,MALT BEVERAGES,6.94B
RGEN,"BIOLOGICAL PRODUCTS, (NO DIAGNOSTIC SUBSTANCES)",6.90B
AXTA,"PAINTS, VARNISHES, LACQUERS, ENAMELS & ALLIED PRODS",6.89B
INGM,WHOLESALE-COMPUTERS & PERIPHERAL EQUIPMENT & SOFTWARE,6.84B
CBC,STATE COMMERCIAL BANKS,6.84B
FAF,TITLE INSURANCE,6.83B
HR,REAL ESTATE INVESTMENT TRUSTS,6.81B
POOL,WHOLESALE-MISC DURABLE GOODS,6.76B
THG,"FIRE, MARINE & CASUALTY INSURANCE",6.76B
RAL,"INDUSTRIAL INSTRUMENTS FOR MEASUREMENT, DISPLAY, AND CONTROL",6.73B
HXL,"PLASTIC MATERIALS, SYNTH RESINS & NONVULCAN ELASTOMERS",6.73B
KMX,RETAIL-AUTO DEALERS & GASOLINE STATIONS,6.69B
MTDR,CRUDE PETROLEUM & NATURAL GAS,6.65B
LNC,LIFE INSURANCE,6.64B
VNO,REAL ESTATE INVESTMENT TRUSTS,6.62B
AWI,"PLASTICS PRODUCTS, NEC",6.62B
LAD,RETAIL-AUTO DEALERS & GASOLINE STATIONS,6.59B
EXP,"CEMENT, HYDRAULIC",6.58B
KRMN,"AIRCRAFT PARTS & AUXILIARY EQUIPMENT, NEC",6.55B
BYD,HOTELS & MOTELS,6.53B
SNDR,TRUCKING (NO LOCAL),6.52B
GTES,GENERAL INDUSTRIAL MACHINERY & EQUIPMENT,6.51B
VFC,Consumer Discretionary,6.50B
ESTC,Technology,6.47B
CPB,Consumer Staples,6.46B
DOX,Unknown,6.46B
MSM,WHOLESALE-INDUSTRIAL MACHINERY & EQUIPMENT,6.45B
LKQ,WHOLESALE-MOTOR VEHICLES & MOTOR VEHICLE PARTS & SUPPLIES,6.43B
PAYC,Software & Services,6.42B
FIGR,LOAN BROKERS,6.41B
OMF,PERSONAL CREDIT INSTITUTIONS,6.40B
ETSY,"SERVICES-BUSINESS SERVICES, NEC",6.35B
STWD,REAL ESTATE INVESTMENT TRUSTS,6.32B
RYN,REAL ESTATE INVESTMENT TRUSTS,6.31B
INGR,GRAIN MILL PRODUCTS,6.30B
FNB,NATIONAL COMMERCIAL BANKS,6.30B
PSN,SERVICES-COMPUTER INTEGRATED SYSTEMS DESIGN,6.28B
AN,RETAIL-AUTO DEALERS & GASOLINE STATIONS,6.28B
MHK,CARPETS & RUGS,6.27B
AVTR,LABORATORY ANALYTICAL INSTRUMENTS,6.25B
CAR,SERVICES-AUTO RENTAL & LEASING (NO DRIVERS),6.24B
MSA,"ORTHOPEDIC, PROSTHETIC & SURGICAL APPLIANCES & SUPPLIES",6.23B
CAG,FOOD AND KINDRED PRODUCTS,6.22B
DBX,Software & Services,6.19B
WH,HOTELS & MOTELS,6.14B
PCTY,SERVICES-PREPACKAGED SOFTWARE,6.07B
CHDN,"SERVICES-RACING, INCLUDING TRACK OPERATION",6.06B
CZR,HOTELS & MOTELS,5.95B
CROX,RUBBER & PLASTICS FOOTWEAR,5.93B
LOAR,"AIRCRAFT PARTS & AUXILIARY EQUIPMENT, NEC",5.93B
APPF,SERVICES-PREPACKAGED SOFTWARE,5.90B
CHE,SERVICES-HOME HEALTH CARE SERVICES,5.86B
PATH,SERVICES-PREPACKAGED SOFTWARE,5.85B
M,RETAIL-DEPARTMENT STORES,5.84B
LW,"CANNED, FROZEN & PRESERVD FRUIT, VEG & FOOD SPECIALTIES",5.82B
PEGA,SERVICES-COMPUTER PROCESSING & DATA PREPARATION,5.80B
TFX,SURGICAL & MEDICAL INSTRUMENTS & APPARATUS,5.75B
CACC,PERSONAL CREDIT INSTITUTIONS,5.70B
VSNT,TELEVISION BROADCASTING STATIONS,5.69B
GXO,TRANSPORTATION SERVICES,5.60B
CE,"PLASTIC MATERIAL, SYNTH RESIN/RUBBER, CELLULOS (NO GLASS)",5.60B
AMTM,"SERVICES-BUSINESS SERVICES, NEC",5.57B
NXST,TELEVISION BROADCASTING STATIONS,5.56B
G,SERVICES-MANAGEMENT CONSULTING SERVICES,5.53B
S,SERVICES-PREPACKAGED SOFTWARE,5.47B
OZK,Unknown,5.42B
MTG,SURETY INSURANCE,5.40B
ADT,"SERVICES-DETECTIVE, GUARD & ARMORED CAR SERVICES",5.36B
ESAB,"GENERAL INDUSTRIAL MACHINERY & EQUIPMENT, NEC",5.35B
GTLB,SERVICES-PREPACKAGED SOFTWARE,5.25B
GNTX,MOTOR VEHICLE PARTS & ACCESSORIES,5.24B
BC,ENGINES & TURBINES,5.22B
SEB,WHOLESALE-FARM PRODUCT RAW MATERIALS,5.22B
LYFT,Consumer Discretionary,5.18B
WEX,"SERVICES-BUSINESS SERVICES, NEC",5.14B
FND,RETAIL-LUMBER & OTHER BUILDING MATERIALS DEALERS,5.12B
EPAM,SERVICES-COMPUTER PROGRAMMING SERVICES,5.12B
WTM,"FIRE, MARINE & CASUALTY INSURANCE",5.12B
RITM,REAL ESTATE INVESTMENT TRUSTS,5.10B
DLB,PATENT OWNERS & LESSORS,5.09B
DUOL,SERVICES-PREPACKAGED SOFTWARE,5.08B
IRDM,"COMMUNICATIONS SERVICES, NEC",5.01B
CHH,HOTELS & MOTELS,5.00B
LPX,LUMBER & WOOD PRODUCTS (NO FURNITURE),4.93B
SAIC,SERVICES-COMPUTER INTEGRATED SYSTEMS DESIGN,4.93B
HRB,SERVICES-PERSONAL SERVICES,4.83B
MTN,SERVICES-MISCELLANEOUS AMUSEMENT & RECREATION,4.82B
RLI,"FIRE, MARINE & CASUALTY INSURANCE",4.82B
FCN,SERVICES-MANAGEMENT CONSULTING SERVICES,4.81B
ALK,Industrials,4.77B
WSC,SERVICES-MISCELLANEOUS EQUIPMENT RENTAL & LEASING,4.74B
REYN,"PLASTICS, FOIL & COATED PAPER BAGS",4.73B
QS,"MISCELLANEOUS ELECTRICAL MACHINERY, EQUIPMENT & SUPPLIES",4.72B
SON,PAPERBOARD CONTAINERS & BOXES,4.70B
CAI,SERVICES-MEDICAL LABORATORIES,4.66B
FBIN,"MILLWOOD, VENEER, PLYWOOD, & STRUCTURAL WOOD MEMBERS",4.66B
SITE,WHOLESALE-PROFESSIONAL & COMMERCIAL EQUIPMENT & SUPPLIES,4.65B
OLLI,RETAIL-VARIETY STORES,4.65B
TFSL,"SAVINGS INSTITUTION, FEDERALLY CHARTERED",4.60B
LAZ,INVESTMENT ADVICE,4.56B
VVV,MISCELLANEOUS PRODUCTS OF PETROLEUM & COAL,4.56B
IPGP,SEMICONDUCTORS & RELATED DEVICES,4.56B
CUZ,REAL ESTATE INVESTMENT TRUSTS,4.56B
EXLS,"SERVICES-BUSINESS SERVICES, NEC",4.53B
KBR,HEAVY CONSTRUCTION OTHER THAN BLDG CONST - CONTRACTORS,4.51B
TNL,HOTELS & MOTELS,4.48B
HLNE,INVESTMENT ADVICE,4.47B
MDU,MINING & QUARRYING OF NONMETALLIC MINERALS (NO FUELS),4.46B
SHC,"SERVICES-MISC HEALTH & ALLIED SERVICES, NEC",4.45B
LBRDK,Media & Entertainment,4.44B
LBRDA,Media & Entertainment,4.43B
EPR,REAL ESTATE INVESTMENT TRUSTS,4.39B
KRC,REAL ESTATE INVESTMENT TRUSTS,4.31B
SLM,PERSONAL CREDIT INSTITUTIONS,4.22B
COLD,Real Estate,4.20B
MKTX,"SECURITY BROKERS, DEALERS & FLOTATION COMPANIES",4.16B
UWMC,MORTGAGE BANKERS & LOAN CORRESPONDENTS,4.15B
TREX,LUMBER & WOOD PRODUCTS (NO FURNITURE),4.12B
POST,GRAIN MILL PRODUCTS,4.10B
MAT,DOLLS & STUFFED TOYS,4.09B
BLSH,Unknown,4.05B
LOPE,SERVICES-EDUCATIONAL SERVICES,4.04B
PLNT,SERVICES-MEMBERSHIP SPORTS & RECREATION CLUBS,4.03B
OLED,ELECTRONIC COMPONENTS & ACCESSORIES,4.03B
THO,Consumer Discretionary,3.98B
LBTYA,CABLE & OTHER PAY TELEVISION SERVICES,3.98B
VNT,TOTALIZING FLUID METERS & COUNTING DEVICES,3.96B
HHH,REAL ESTATE INVESTMENT TRUSTS,3.88B
WING,RETAIL-EATING PLACES,3.87B
SLGN,METAL CANS,3.87B
LBTYK,CABLE & OTHER PAY TELEVISION SERVICES,3.83B
DOCS,SERVICES-COMPUTER PROGRAMMING SERVICES,3.77B
NVST,DENTAL EQUIPMENT & SUPPLIES,3.76B
FRMI,REAL ESTATE INVESTMENT TRUSTS,3.69B
BHF,LIFE INSURANCE,3.60B
YETI,"SPORTING & ATHLETIC GOODS, NEC",3.59B
PVH,"MEN'S & BOYS' FURNISHGS, WORK CLOTHG, & ALLIED GARMENTS",3.58B
BILL,Software & Services,3.58B
RNG,SERVICES-COMPUTER PROCESSING & DATA PREPARATION,3.55B
BBWI,"RETAIL-RETAIL STORES, NEC",3.51B
OGN,PHARMACEUTICAL PREPARATIONS,3.51B
VGNT,MOTOR VEHICLE PARTS & ACCESSORIES,3.36B
SMG,AGRICULTURAL CHEMICALS,3.36B
NSA,REAL ESTATE INVESTMENT TRUSTS,3.35B
AGO,SURETY INSURANCE,3.34B
FHB,STATE COMMERCIAL BANKS,3.33B
VKTX,PHARMACEUTICAL PREPARATIONS,3.30B
COLM,APPAREL & OTHER FINISHD PRODS OF FABRICS & SIMILAR MATL,3.28B
BFAM,Media & Entertainment,3.27B
RHI,SERVICES-HELP SUPPLY SERVICES,3.20B
TDC,SERVICES-PREPACKAGED SOFTWARE,3.17B
IAC,Unknown,3.14B
GPK,PAPERBOARD CONTAINERS & BOXES,3.12B
HIW,REAL ESTATE INVESTMENT TRUSTS,3.07B
HAYW,REFRIGERATION & SERVICE INDUSTRY MACHINERY,3.05B
FOUR,"SERVICES-BUSINESS SERVICES, NEC",3.02B
MPT,REAL ESTATE INVESTMENT TRUSTS,2.98B
ELF,"PERFUMES, COSMETICS & OTHER TOILET PREPARATIONS",2.95B
PK,HOTELS & MOTELS,2.83B
OLN,CHEMICALS & ALLIED PRODUCTS,2.80B
RH,RETAIL-FURNITURE STORES,2.77B
CCC,SERVICES-PREPACKAGED SOFTWARE,2.74B
KD,SERVICES-COMPUTER INTEGRATED SYSTEMS DESIGN,2.62B
HOG,"MOTORCYCLES, BICYCLES & PARTS",2.58B
ASH,WHOLESALE-CHEMICALS & ALLIED PRODUCTS,2.57B
PENN,Consumer Discretionary,2.57B
WHR,HOUSEHOLD APPLIANCES,2.56B
EEFT,"FUNCTIONS RELATED TO DEPOSITORY BANKING, NEC",2.54B
HUN,CHEMICALS & ALLIED PRODUCTS,2.49B
NIQ,"SERVICES-COMPUTER PROGRAMMING, DATA PROCESSING, ETC.",2.46B
FRPT,GRAIN MILL PRODUCTS,2.44B
UAA,Consumer Discretionary,2.37B
WU,"SERVICES-BUSINESS SERVICES, NEC",2.34B
UA,APPAREL & OTHER FINISHD PRODS OF FABRICS & SIMILAR MATL,2.30B
DJT,"SERVICES-COMPUTER PROGRAMMING, DATA PROCESSING, ETC.",2.29B
ACHC,"SERVICES-SPECIALTY OUTPATIENT FACILITIES, NEC",2.25B
RARE,PHARMACEUTICAL PREPARATIONS,2.16B
CXT,MISCELLANEOUS FABRICATED METAL PRODUCTS,2.08B
XRAY,DENTAL EQUIPMENT & SUPPLIES,2.00B
LCID,MOTOR VEHICLES & PASSENGER CAR BODIES,2.00B
COTY,Consumer Discretionary,1.73B
SAM,MALT BEVERAGES,1.71B
CNXC,"SERVICES-BUSINESS SERVICES, NEC",1.70B
SRPT,PHARMACEUTICAL PREPARATIONS,1.66B
GLOB,Unknown,1.65B
NCNO,SERVICES-PREPACKAGED SOFTWARE,1.63B
FLO,FOOD AND KINDRED PRODUCTS,1.59B
NWL,"PLASTICS PRODUCTS, NEC",1.58B
DV,"SERVICES-COMPUTER PROGRAMMING, DATA PROCESSING, ETC.",1.57B
CLVT,SERVICES-COMPUTER PROCESSING & DATA PREPARATION,1.54B
MAN,SERVICES-HELP SUPPLY SERVICES,1.50B
PRGO,PHARMACEUTICAL PREPARATIONS,1.50B
DXC,SERVICES-COMPUTER PROCESSING & DATA PREPARATION,1.47B
KMPR,"FIRE, MARINE & CASUALTY INSURANCE",1.46B
FMC,CHEMICALS & ALLIED PRODUCTS,1.46B
WEN,RETAIL-EATING & DRINKING PLACES,1.28B
INSP,SURGICAL & MEDICAL INSTRUMENTS & APPARATUS,1.19B
BRBR,FOOD AND KINDRED PRODUCTS,1.02B
GTM,SERVICES-PREPACKAGED SOFTWARE,878.27M
GLIBA,TELEPHONE COMMUNICATIONS (NO RADIOTELEPHONE),865.03M
GLIBK,TELEPHONE COMMUNICATIONS (NO RADIOTELEPHONE),860.24M
CERT,SERVICES-PREPACKAGED SOFTWARE,835.36M
MRP,REAL ESTATE,
